{"cameraMode":{"drawMode":0,"name":"Shaded","section":"Shading Mode"},"sceneLighting":true,"audioPlay":false,"sceneViewState":{"m_AlwaysRefresh":false,"showFog":true,"showSkybox":true,"showFlares":true,"showImageEffects":true,"showParticleSystems":true,"showVisualEffectGraphs":true,"m_FxEnabled":true},"in2DMode":false,"pivot":{"x":-0.1724328249692917,"y":-0.21139386296272279,"z":-1.3381458520889283},"rotation":{"x":0.11079327762126923,"y":0.07241369783878327,"z":-0.008111505769193173,"w":0.9912572503089905},"size":1.907106637954712,"orthographic":false}